{"cameraMode":{"drawMode":0,"name":"Shaded","section":"Shading Mode"},"sceneLighting":false,"audioPlay":false,"sceneViewState":{"m_AlwaysRefresh":false,"showFog":true,"showSkybox":false,"showFlares":true,"showImageEffects":true,"showParticleSystems":true,"showVisualEffectGraphs":true,"m_FxEnabled":true},"in2DMode":false,"pivot":{"x":0.2152547836303711,"y":1.7100000381469727,"z":-3.940000057220459},"rotation":{"x":-0.054706014692783359,"y":0.9382094740867615,"z":-0.29362818598747256,"w":-0.17479881644248963},"size":0.8660253882408142,"orthographic":false}