{"cameraMode":{"drawMode":0,"name":"Shaded","section":"Shading Mode"},"sceneLighting":true,"audioPlay":false,"sceneViewState":{"m_AlwaysRefresh":false,"showFog":true,"showSkybox":true,"showFlares":true,"showImageEffects":true,"showParticleSystems":true,"showVisualEffectGraphs":true,"m_FxEnabled":true},"in2DMode":false,"pivot":{"x":-1.166524887084961,"y":3.007215976715088,"z":-0.5176315307617188},"rotation":{"x":-0.058376625180244449,"y":0.9090627431869507,"z":-0.13628490269184113,"w":-0.38939130306243899},"size":10.694933891296387,"orthographic":false}