{"cameraMode":{"drawMode":0,"name":"Shaded","section":"Shading Mode"},"sceneLighting":true,"audioPlay":false,"sceneViewState":{"m_AlwaysRefresh":false,"showFog":true,"showSkybox":true,"showFlares":true,"showImageEffects":true,"showParticleSystems":true,"showVisualEffectGraphs":true,"m_FxEnabled":true},"in2DMode":false,"pivot":{"x":1.2095708847045899,"y":-0.19542980194091798,"z":-0.17996692657470704},"rotation":{"x":-0.054706014692783359,"y":0.9382094740867615,"z":-0.29362818598747256,"w":-0.17479881644248963},"size":6.474808216094971,"orthographic":false}